Transaction Type Index,Transaction Name,Start Time (microseconds),Latency (microseconds),Worker Id (start number),Phase Id (index in config file)
2,Payment,1770908285.040572,44819,0,1
2,Payment,1770908285.045166,53063,3,1
1,NewOrder,1770908285.050097,62192,6,1
1,NewOrder,1770908285.076959,73199,4,1
2,Payment,1770908285.076987,47808,10,1
3,OrderStatus,1770908285.077013,42859,9,1
1,NewOrder,1770908285.077037,102230,1,1
2,Payment,1770908285.077368,33899,7,1
1,NewOrder,1770908285.080058,97412,11,1
1,NewOrder,1770908285.085096,58800,2,1
4,Delivery,1770908285.090154,90456,8,1
1,NewOrder,1770908285.095045,37635,5,1
2,Payment,1770908285.100038,51397,12,1
2,Payment,1770908285.105098,84547,13,1
2,Payment,1770908285.110169,109519,14,1
2,Payment,1770908285.115107,121970,15,1
1,NewOrder,1770908285.120145,100834,16,1
2,Payment,1770908285.125167,119529,17,1
1,NewOrder,1770908285.130098,45437,18,1
1,NewOrder,1770908285.135101,84318,19,1
2,Payment,1770908285.140092,50586,20,1
1,NewOrder,1770908285.145057,93556,21,1
1,NewOrder,1770908285.150093,71041,22,1
2,Payment,1770908285.155090,18047,0,1
1,NewOrder,1770908285.160142,55469,3,1
1,NewOrder,1770908285.165109,58063,7,1
1,NewOrder,1770908285.170056,31799,6,1
5,StockLevel,1770908285.175098,35889,9,1
2,Payment,1770908285.180082,39461,23,1
2,Payment,1770908285.185095,11363,10,1
3,OrderStatus,1770908285.190024,14452,5,1
2,Payment,1770908285.195092,21182,2,1
1,NewOrder,1770908285.200090,24561,4,1
2,Payment,1770908285.205091,48434,12,1
1,NewOrder,1770908285.210052,26867,0,1
2,Payment,1770908285.215103,19869,18,1
1,NewOrder,1770908285.220086,27300,11,1
2,Payment,1770908285.225039,11628,1,1
1,NewOrder,1770908285.230048,32248,8,1
1,NewOrder,1770908285.235176,26166,13,1
1,NewOrder,1770908285.240041,28998,20,1
3,OrderStatus,1770908285.245090,7522,10,1
2,Payment,1770908285.250250,9172,6,1
1,NewOrder,1770908285.255181,16706,5,1
2,Payment,1770908285.260065,7890,9,1
3,OrderStatus,1770908285.265187,4249,3,1
1,NewOrder,1770908285.270137,5717,2,1
2,Payment,1770908285.275207,6663,19,1
2,Payment,1770908285.280122,6324,23,1
1,NewOrder,1770908285.285194,15397,14,1
2,Payment,1770908285.290083,5818,16,1
2,Payment,1770908285.295058,4485,22,1
1,NewOrder,1770908285.300159,5521,7,1
2,Payment,1770908285.305195,6478,4,1
2,Payment,1770908285.310098,4751,18,1
5,StockLevel,1770908285.315181,5924,1,1
1,NewOrder,1770908285.320178,8330,0,1
5,StockLevel,1770908285.325193,6411,15,1
2,Payment,1770908285.330196,5634,21,1
2,Payment,1770908285.335126,4466,17,1
3,OrderStatus,1770908285.340147,3711,11,1
2,Payment,1770908285.345163,3571,10,1
2,Payment,1770908285.350168,3935,12,1
5,StockLevel,1770908285.355368,5535,6,1
1,NewOrder,1770908285.360165,6110,13,1
1,NewOrder,1770908285.365166,5263,8,1
1,NewOrder,1770908285.370115,13826,9,1
1,NewOrder,1770908285.375151,7747,20,1
2,Payment,1770908285.380156,5519,3,1
2,Payment,1770908285.385103,5374,5,1
1,NewOrder,1770908285.390151,8637,2,1
2,Payment,1770908285.395153,3368,19,1
2,Payment,1770908285.400155,3474,23,1
2,Payment,1770908285.405169,3333,16,1
2,Payment,1770908285.410115,4378,22,1
1,NewOrder,1770908285.415156,8275,14,1
2,Payment,1770908285.420154,4565,7,1
1,NewOrder,1770908285.425135,7174,4,1
1,NewOrder,1770908285.430118,6917,18,1
1,NewOrder,1770908285.435154,6239,1,1
1,NewOrder,1770908285.440156,6533,0,1
3,OrderStatus,1770908285.445101,2690,15,1
3,OrderStatus,1770908285.450159,3047,21,1
2,Payment,1770908285.455156,3337,17,1
2,Payment,1770908285.460151,4161,11,1
2,Payment,1770908285.465166,3495,10,1
2,Payment,1770908285.470108,3163,12,1
2,Payment,1770908285.475153,4251,6,1
2,Payment,1770908285.480150,3483,13,1
4,Delivery,1770908285.485075,9313,8,1
4,Delivery,1770908285.490120,15078,20,1
4,Delivery,1770908285.495095,16930,9,1
5,StockLevel,1770908285.500156,5241,3,1
1,NewOrder,1770908285.505171,9204,5,1
2,Payment,1770908285.510132,3695,19,1
2,Payment,1770908285.515168,3681,2,1
1,NewOrder,1770908285.520155,8076,23,1
2,Payment,1770908285.525165,3982,16,1
2,Payment,1770908285.530111,3108,22,1
2,Payment,1770908285.535191,4415,14,1
1,NewOrder,1770908285.540150,6654,7,1
3,OrderStatus,1770908285.545165,3305,4,1
1,NewOrder,1770908285.550117,6079,18,1
2,Payment,1770908285.555154,3478,1,1
1,NewOrder,1770908285.560096,6147,0,1
5,StockLevel,1770908285.565171,2503,15,1
1,NewOrder,1770908285.570158,5607,21,1
2,Payment,1770908285.575097,3115,17,1
1,NewOrder,1770908285.580149,7836,11,1
2,Payment,1770908285.585165,3552,10,1
2,Payment,1770908285.590123,3667,12,1
1,NewOrder,1770908285.595162,5158,6,1
1,NewOrder,1770908285.600150,7229,13,1
2,Payment,1770908285.605164,5172,8,1
4,Delivery,1770908285.610127,9351,20,1
5,StockLevel,1770908285.615149,2449,3,1
1,NewOrder,1770908285.620151,8482,9,1
2,Payment,1770908285.625091,3032,19,1
2,Payment,1770908285.630163,3159,5,1
2,Payment,1770908285.635178,3083,2,1
1,NewOrder,1770908285.640200,6285,23,1
2,Payment,1770908285.645163,3124,16,1
2,Payment,1770908285.650093,3156,22,1
2,Payment,1770908285.655157,3029,14,1
4,Delivery,1770908285.660150,7962,7,1
1,NewOrder,1770908285.665164,6966,4,1
1,NewOrder,1770908285.670227,4994,18,1
1,NewOrder,1770908285.675164,5153,1,1
2,Payment,1770908285.680117,3065,0,1
1,NewOrder,1770908285.685165,9413,15,1
1,NewOrder,1770908285.690171,6009,21,1
1,NewOrder,1770908285.695186,14146,17,1
2,Payment,1770908285.700155,3454,11,1
2,Payment,1770908285.705159,3119,10,1
2,Payment,1770908285.710152,2881,12,1
2,Payment,1770908285.715155,4164,6,1
2,Payment,1770908285.720150,4360,13,1
1,NewOrder,1770908285.725165,5577,8,1
2,Payment,1770908285.730112,3171,3,1
2,Payment,1770908285.735152,3287,20,1
1,NewOrder,1770908285.740136,8337,19,1
2,Payment,1770908285.745221,3549,9,1
2,Payment,1770908285.750176,4001,5,1
1,NewOrder,1770908285.755213,6049,2,1
2,Payment,1770908285.760219,3288,23,1
2,Payment,1770908285.765220,4512,16,1
1,NewOrder,1770908285.770163,9134,22,1
2,Payment,1770908285.775215,3442,14,1
2,Payment,1770908285.780139,3286,7,1
2,Payment,1770908285.785229,3398,4,1
1,NewOrder,1770908285.790208,8281,18,1
1,NewOrder,1770908285.795165,7755,1,1
4,Delivery,1770908285.800158,4045,0,1
2,Payment,1770908285.805157,3080,15,1
1,NewOrder,1770908285.810171,4614,21,1
1,NewOrder,1770908285.815143,7074,11,1
1,NewOrder,1770908285.820150,14703,10,1
1,NewOrder,1770908285.825166,7296,17,1
1,NewOrder,1770908285.830148,15233,12,1
2,Payment,1770908285.835150,3300,6,1
2,Payment,1770908285.840187,3448,13,1
1,NewOrder,1770908285.845199,5578,8,1
1,NewOrder,1770908285.850144,6088,3,1
2,Payment,1770908285.855211,3532,20,1
2,Payment,1770908285.860138,4355,19,1
1,NewOrder,1770908285.865219,5428,9,1
1,NewOrder,1770908285.870179,4775,5,1
2,Payment,1770908285.875155,3405,2,1
2,Payment,1770908285.880147,3156,23,1
1,NewOrder,1770908285.885158,8376,16,1
1,NewOrder,1770908285.890109,6831,14,1
1,NewOrder,1770908285.895146,6997,22,1
1,NewOrder,1770908285.900096,5872,7,1
1,NewOrder,1770908285.905166,7054,4,1
2,Payment,1770908285.910143,3008,18,1
2,Payment,1770908285.915214,3290,1,1
2,Payment,1770908285.920152,3208,0,1
2,Payment,1770908285.925153,3092,15,1
2,Payment,1770908285.930232,3467,21,1
1,NewOrder,1770908285.935207,6584,11,1
2,Payment,1770908285.940151,3689,17,1
2,Payment,1770908285.945214,2845,10,1
4,Delivery,1770908285.950148,3216,6,1
2,Payment,1770908285.955209,3647,13,1
3,OrderStatus,1770908285.960211,3499,12,1
5,StockLevel,1770908285.965165,4866,8,1
4,Delivery,1770908285.970082,6158,8,1
1,NewOrder,1770908285.975156,4448,20,1
2,Payment,1770908285.980089,2950,19,1
2,Payment,1770908285.985162,3080,9,1
1,NewOrder,1770908285.990159,5069,5,1
2,Payment,1770908285.995147,3049,2,1
2,Payment,1770908286.000155,2751,23,1
1,NewOrder,1770908286.005163,5342,16,1
2,Payment,1770908286.010149,3405,14,1
2,Payment,1770908286.015152,3294,22,1
2,Payment,1770908286.020146,3376,7,1
2,Payment,1770908286.025159,3237,4,1
2,Payment,1770908286.030110,3246,18,1
1,NewOrder,1770908286.035207,8010,1,1
1,NewOrder,1770908286.040165,26405,0,1
1,NewOrder,1770908286.045157,24159,15,1
2,Payment,1770908286.050142,3224,21,1
1,NewOrder,1770908286.055152,5188,11,1
2,Payment,1770908286.060154,4228,17,1
1,NewOrder,1770908286.065095,6017,10,1
3,OrderStatus,1770908286.070136,2504,6,1
1,NewOrder,1770908286.075137,4802,13,1
2,Payment,1770908286.080139,3025,12,1
2,Payment,1770908286.085090,2994,3,1
1,NewOrder,1770908286.090063,7151,8,1
1,NewOrder,1770908286.095141,6874,20,1
4,Delivery,1770908286.100139,8233,19,1
4,Delivery,1770908286.105090,9688,9,1
1,NewOrder,1770908286.110040,8022,5,1
1,NewOrder,1770908286.115097,7095,2,1
2,Payment,1770908286.120082,2460,23,1
2,Payment,1770908286.125159,3346,16,1
2,Payment,1770908286.130063,2818,14,1
2,Payment,1770908286.135139,2680,22,1
2,Payment,1770908286.140144,3207,7,1
5,StockLevel,1770908286.145080,4941,4,1
2,Payment,1770908286.150064,3544,18,1
1,NewOrder,1770908286.155138,7252,1,1
2,Payment,1770908286.160144,3278,21,1
2,Payment,1770908286.165081,2928,11,1
4,Delivery,1770908286.170044,34455,17,1
5,StockLevel,1770908286.175104,6350,0,1
1,NewOrder,1770908286.180029,9924,15,1
2,Payment,1770908286.185052,4555,10,1
1,NewOrder,1770908286.190036,9062,6,1
2,Payment,1770908286.195023,3766,13,1
2,Payment,1770908286.200045,2794,12,1
1,NewOrder,1770908286.205153,5425,3,1
1,NewOrder,1770908286.210064,5593,8,1
2,Payment,1770908286.215148,2971,20,1
2,Payment,1770908286.220142,2408,19,1
1,NewOrder,1770908286.225083,5214,9,1
5,StockLevel,1770908286.230110,4663,5,1
2,Payment,1770908286.235144,2953,2,1
2,Payment,1770908286.240155,2619,23,1
3,OrderStatus,1770908286.245158,2469,16,1
2,Payment,1770908286.250109,2691,14,1
1,NewOrder,1770908286.255145,8236,22,1
1,NewOrder,1770908286.260152,4809,7,1
1,NewOrder,1770908286.265092,5663,4,1
2,Payment,1770908286.270154,2817,18,1
1,NewOrder,1770908286.275149,6129,1,1
2,Payment,1770908286.280154,5651,21,1
2,Payment,1770908286.285105,2793,11,1
1,NewOrder,1770908286.290167,4562,0,1
1,NewOrder,1770908286.295159,6198,10,1
2,Payment,1770908286.300190,3127,15,1
2,Payment,1770908286.305168,2727,13,1
2,Payment,1770908286.310128,3144,6,1
1,NewOrder,1770908286.315217,6816,12,1
1,NewOrder,1770908286.320173,5594,17,1
2,Payment,1770908286.325169,3142,3,1
1,NewOrder,1770908286.330142,4768,8,1
1,NewOrder,1770908286.335136,5408,20,1
1,NewOrder,1770908286.340193,5485,19,1
1,NewOrder,1770908286.345095,6262,9,1
2,Payment,1770908286.350148,3289,5,1
4,Delivery,1770908286.355149,13037,2,1
1,NewOrder,1770908286.360161,5935,23,1
2,Payment,1770908286.365089,4842,16,1
2,Payment,1770908286.370083,2582,14,1
1,NewOrder,1770908286.375155,8452,22,1
2,Payment,1770908286.380147,2994,7,1
2,Payment,1770908286.385162,2915,4,1
1,NewOrder,1770908286.390145,6014,18,1
5,StockLevel,1770908286.395084,3875,1,1
1,NewOrder,1770908286.400137,8547,21,1
1,NewOrder,1770908286.405157,6839,11,1
1,NewOrder,1770908286.410097,4152,0,1
2,Payment,1770908286.415135,2596,10,1
1,NewOrder,1770908286.420137,5896,15,1
2,Payment,1770908286.425171,2659,13,1
1,NewOrder,1770908286.430078,6217,6,1
1,NewOrder,1770908286.435136,4784,12,1
1,NewOrder,1770908286.440092,6803,17,1
1,NewOrder,1770908286.445152,4860,3,1
1,NewOrder,1770908286.450097,6169,8,1
2,Payment,1770908286.455078,2965,20,1
1,NewOrder,1770908286.460137,6121,19,1
1,NewOrder,1770908286.465152,4254,9,1
1,NewOrder,1770908286.470147,6469,5,1
2,Payment,1770908286.475090,2735,23,1
5,StockLevel,1770908286.480138,5349,2,1
2,Payment,1770908286.485236,2596,16,1
2,Payment,1770908286.490149,2844,14,1
1,NewOrder,1770908286.495199,6045,7,1
1,NewOrder,1770908286.500133,5885,22,1
1,NewOrder,1770908286.505150,6718,4,1
1,NewOrder,1770908286.510133,6292,18,1
2,Payment,1770908286.515080,3269,1,1
2,Payment,1770908286.520072,2513,21,1
1,NewOrder,1770908286.525147,4839,11,1
2,Payment,1770908286.530134,2974,0,1
2,Payment,1770908286.535134,2633,10,1
2,Payment,1770908286.540134,3473,15,1
1,NewOrder,1770908286.545090,8325,13,1
2,Payment,1770908286.550080,2560,6,1
4,Delivery,1770908286.555141,3199,12,1
1,NewOrder,1770908286.560138,5279,17,1
1,NewOrder,1770908286.565143,7436,3,1
1,NewOrder,1770908286.570089,6614,8,1
2,Payment,1770908286.575079,3511,20,1
2,Payment,1770908286.580022,2616,19,1
2,Payment,1770908286.585155,3356,9,1
2,Payment,1770908286.590095,2853,5,1
3,OrderStatus,1770908286.595128,2164,23,1
2,Payment,1770908286.600131,2508,2,1
2,Payment,1770908286.605091,2314,16,1
2,Payment,1770908286.610084,2643,14,1
2,Payment,1770908286.615071,2391,7,1
1,NewOrder,1770908286.620133,4773,22,1
1,NewOrder,1770908286.625143,3720,4,1
3,OrderStatus,1770908286.630144,2022,18,1
5,StockLevel,1770908286.635136,2568,1,1
2,Payment,1770908286.640131,3873,21,1
1,NewOrder,1770908286.645151,3757,11,1
1,NewOrder,1770908286.650134,7014,0,1
2,Payment,1770908286.655129,2354,10,1
1,NewOrder,1770908286.660129,6889,15,1
2,Payment,1770908286.665150,2453,6,1
1,NewOrder,1770908286.670100,6202,13,1
1,NewOrder,1770908286.675133,5530,12,1
4,Delivery,1770908286.680129,11519,17,1
1,NewOrder,1770908286.685147,6204,3,1
2,Payment,1770908286.690080,3132,8,1
2,Payment,1770908286.695133,2411,20,1
1,NewOrder,1770908286.700136,6594,19,1
2,Payment,1770908286.705151,3189,9,1
1,NewOrder,1770908286.710135,6687,5,1
2,Payment,1770908286.715134,2939,23,1
2,Payment,1770908286.720135,2717,2,1
1,NewOrder,1770908286.725153,4459,16,1
2,Payment,1770908286.730073,2615,14,1
1,NewOrder,1770908286.735129,6578,7,1
1,NewOrder,1770908286.740134,5112,22,1
1,NewOrder,1770908286.745144,5384,4,1
2,Payment,1770908286.750132,2433,18,1
1,NewOrder,1770908286.755136,4979,1,1
1,NewOrder,1770908286.760137,4081,21,1
1,NewOrder,1770908286.765149,6697,11,1
5,StockLevel,1770908286.770131,2395,0,1
2,Payment,1770908286.775134,2121,10,1
1,NewOrder,1770908286.780133,5922,15,1
5,StockLevel,1770908286.785167,2611,6,1
1,NewOrder,1770908286.790151,4316,13,1
3,OrderStatus,1770908286.795137,1869,12,1
3,OrderStatus,1770908286.800134,1698,3,1
2,Payment,1770908286.805156,2504,17,1
2,Payment,1770908286.810148,3643,8,1
3,OrderStatus,1770908286.815118,1767,20,1
1,NewOrder,1770908286.820203,5553,19,1
2,Payment,1770908286.825197,2733,9,1
1,NewOrder,1770908286.830196,5589,5,1
2,Payment,1770908286.835136,1948,23,1
1,NewOrder,1770908286.840205,5360,2,1
2,Payment,1770908286.845197,4922,16,1
1,NewOrder,1770908286.850181,6683,16,1
1,NewOrder,1770908286.855099,4808,7,1
2,Payment,1770908286.860166,2741,22,1
1,NewOrder,1770908286.865112,4684,4,1
1,NewOrder,1770908286.870132,4648,18,1
1,NewOrder,1770908286.875133,5823,1,1
1,NewOrder,1770908286.880130,6254,21,1
2,Payment,1770908286.885150,2924,11,1
1,NewOrder,1770908286.890132,3911,0,1
5,StockLevel,1770908286.895135,5320,10,1
1,NewOrder,1770908286.900131,3621,15,1
2,Payment,1770908286.905152,2538,6,1
1,NewOrder,1770908286.910096,4387,13,1
1,NewOrder,1770908286.915129,6524,12,1
5,StockLevel,1770908286.920122,2608,3,1
2,Payment,1770908286.925206,2480,17,1
1,NewOrder,1770908286.930195,5536,8,1
2,Payment,1770908286.935104,2348,20,1
1,NewOrder,1770908286.940183,6123,19,1
1,NewOrder,1770908286.945202,6126,9,1
2,Payment,1770908286.950220,2656,5,1
1,NewOrder,1770908286.955180,5394,23,1
2,Payment,1770908286.960262,3278,2,1
1,NewOrder,1770908286.965182,7236,14,1
2,Payment,1770908286.970120,1815,16,1
2,Payment,1770908286.975121,2527,7,1
1,NewOrder,1770908286.980181,4609,22,1
1,NewOrder,1770908286.985186,4598,4,1
1,NewOrder,1770908286.990185,5325,18,1
1,NewOrder,1770908286.995162,5534,1,1
2,Payment,1770908287.000173,2439,21,1
1,NewOrder,1770908287.005177,6203,11,1
1,NewOrder,1770908287.010172,6875,0,1
2,Payment,1770908287.015169,2153,10,1
1,NewOrder,1770908287.020172,6313,15,1
2,Payment,1770908287.025146,2293,6,1
2,Payment,1770908287.030062,2062,13,1
2,Payment,1770908287.035175,2580,12,1
4,Delivery,1770908287.040100,12674,3,1
1,NewOrder,1770908287.045183,5896,17,1
2,Payment,1770908287.050142,3522,8,1
3,OrderStatus,1770908287.055121,1703,20,1
2,Payment,1770908287.060172,2543,19,1
2,Payment,1770908287.065187,2254,9,1
1,NewOrder,1770908287.070121,6007,5,1
5,StockLevel,1770908287.075120,4469,23,1
2,Payment,1770908287.080128,2742,2,1
2,Payment,1770908287.085200,2064,16,1
1,NewOrder,1770908287.090179,7508,14,1
1,NewOrder,1770908287.095172,6038,7,1
2,Payment,1770908287.100178,2581,22,1
2,Payment,1770908287.105140,3038,4,1
1,NewOrder,1770908287.110179,4862,18,1
2,Payment,1770908287.115176,3263,1,1
2,Payment,1770908287.120173,2325,21,1
2,Payment,1770908287.125191,2437,11,1
5,StockLevel,1770908287.130177,2386,0,1
1,NewOrder,1770908287.135180,6606,10,1
1,NewOrder,1770908287.140175,5533,15,1
2,Payment,1770908287.145187,2217,6,1
2,Payment,1770908287.150103,2677,13,1
4,Delivery,1770908287.155198,2637,12,1
2,Payment,1770908287.160176,3276,17,1
2,Payment,1770908287.165103,2423,3,1
2,Payment,1770908287.170176,3300,8,1
1,NewOrder,1770908287.175179,4336,20,1
2,Payment,1770908287.180180,3377,19,1
2,Payment,1770908287.185139,2669,9,1
1,NewOrder,1770908287.190080,6420,5,1
1,NewOrder,1770908287.195009,6348,23,1
1,NewOrder,1770908287.200076,4947,2,1
2,Payment,1770908287.205051,1804,2,1
2,Payment,1770908287.210100,1950,14,1
2,Payment,1770908287.215180,2819,7,1
4,Delivery,1770908287.220120,18386,22,1
4,Delivery,1770908287.225185,17628,4,1
2,Payment,1770908287.230082,3476,18,1
1,NewOrder,1770908287.235119,5450,1,1
2,Payment,1770908287.240063,2222,21,1
1,NewOrder,1770908287.245143,3961,11,1
1,NewOrder,1770908287.250116,5721,0,1
1,NewOrder,1770908287.255174,4893,10,1
1,NewOrder,1770908287.260086,4318,10,1
1,NewOrder,1770908287.265136,4684,6,1
1,NewOrder,1770908287.270061,3717,13,1
2,Payment,1770908287.275116,2162,12,1
2,Payment,1770908287.280119,2271,17,1
2,Payment,1770908287.285061,2245,3,1
1,NewOrder,1770908287.290122,4177,8,1
3,OrderStatus,1770908287.295123,1911,20,1
2,Payment,1770908287.300121,1874,19,1
2,Payment,1770908287.305138,2123,9,1
2,Payment,1770908287.310119,2712,5,1
5,StockLevel,1770908287.315118,2362,23,1
1,NewOrder,1770908287.320127,4217,16,1
1,NewOrder,1770908287.325136,4261,2,1
2,Payment,1770908287.330084,1815,14,1
2,Payment,1770908287.335064,2174,7,1
1,NewOrder,1770908287.340133,5219,18,1
2,Payment,1770908287.345143,2583,22,1
3,OrderStatus,1770908287.350127,1648,1,1
1,NewOrder,1770908287.355125,6775,21,1
2,Payment,1770908287.360118,2544,4,1
2,Payment,1770908287.365135,2077,11,1
2,Payment,1770908287.370122,2348,0,1
1,NewOrder,1770908287.375116,4456,15,1
2,Payment,1770908287.380119,1930,10,1
2,Payment,1770908287.385149,1846,6,1
2,Payment,1770908287.390064,1680,13,1
1,NewOrder,1770908287.395118,5513,12,1
2,Payment,1770908287.400118,1855,17,1
1,NewOrder,1770908287.405131,5684,3,1
3,OrderStatus,1770908287.410121,1624,8,1
1,NewOrder,1770908287.415124,3998,20,1
1,NewOrder,1770908287.420123,6575,19,1
2,Payment,1770908287.425137,2252,9,1
1,NewOrder,1770908287.430082,5155,5,1
1,NewOrder,1770908287.435125,5803,23,1
1,NewOrder,1770908287.440134,7006,16,1
1,NewOrder,1770908287.445070,6786,2,1
2,Payment,1770908287.450087,2050,14,1
3,OrderStatus,1770908287.455061,1712,7,1
1,NewOrder,1770908287.460123,5942,18,1
2,Payment,1770908287.465143,2205,22,1
1,NewOrder,1770908287.470084,5622,1,1
1,NewOrder,1770908287.475140,6559,21,1
1,NewOrder,1770908287.480127,3558,4,1
1,NewOrder,1770908287.485144,5194,11,1
1,NewOrder,1770908287.490121,4540,0,1
1,NewOrder,1770908287.495116,4097,15,1
1,NewOrder,1770908287.500120,3957,10,1
2,Payment,1770908287.505133,1965,6,1
1,NewOrder,1770908287.510064,5558,13,1
2,Payment,1770908287.515118,1848,12,1
2,Payment,1770908287.520077,1863,17,1
1,NewOrder,1770908287.525130,6838,3,1
1,NewOrder,1770908287.530123,5122,8,1
2,Payment,1770908287.535124,2366,20,1
1,NewOrder,1770908287.540122,6325,19,1
1,NewOrder,1770908287.545137,4220,9,1
1,NewOrder,1770908287.550080,5953,5,1
1,NewOrder,1770908287.555125,7069,23,1
1,NewOrder,1770908287.560115,4726,16,1
2,Payment,1770908287.565136,2161,2,1
2,Payment,1770908287.570086,1856,14,1
5,StockLevel,1770908287.575064,4675,7,1
1,NewOrder,1770908287.580121,5770,18,1
1,NewOrder,1770908287.585136,4227,22,1
2,Payment,1770908287.590082,3510,1,1
1,NewOrder,1770908287.595126,5380,21,1
2,Payment,1770908287.600124,2219,4,1
1,NewOrder,1770908287.605086,6078,11,1
2,Payment,1770908287.610087,2319,0,1
1,NewOrder,1770908287.615120,5546,15,1
1,NewOrder,1770908287.620121,5017,10,1
3,OrderStatus,1770908287.625142,2068,6,1
1,NewOrder,1770908287.630086,3291,13,1
2,Payment,1770908287.635120,1984,12,1
2,Payment,1770908287.640118,2178,17,1
2,Payment,1770908287.645102,2997,3,1
5,StockLevel,1770908287.650176,3710,8,1
1,NewOrder,1770908287.655176,7527,20,1
2,Payment,1770908287.660172,2229,19,1
2,Payment,1770908287.665175,2719,9,1
2,Payment,1770908287.670174,2252,5,1
3,OrderStatus,1770908287.675175,1662,23,1
1,NewOrder,1770908287.680172,5030,16,1
2,Payment,1770908287.685176,2046,2,1
2,Payment,1770908287.690170,2504,14,1
2,Payment,1770908287.695103,1696,7,1
1,NewOrder,1770908287.700173,6543,18,1
5,StockLevel,1770908287.705208,4510,22,1
2,Payment,1770908287.710180,2406,1,1
1,NewOrder,1770908287.715173,5511,21,1
4,Delivery,1770908287.720180,9752,4,1
4,Delivery,1770908287.725175,18668,11,1
1,NewOrder,1770908287.730176,3450,0,1
2,Payment,1770908287.735181,2617,15,1
2,Payment,1770908287.740171,1818,10,1
2,Payment,1770908287.745175,2454,6,1
2,Payment,1770908287.750103,1801,13,1
1,NewOrder,1770908287.755172,6139,12,1
4,Delivery,1770908287.760168,11036,17,1
2,Payment,1770908287.765147,2530,3,1
1,NewOrder,1770908287.770182,5251,8,1
1,NewOrder,1770908287.775171,7027,19,1
1,NewOrder,1770908287.780184,3672,20,1
1,NewOrder,1770908287.785139,6750,9,1
1,NewOrder,1770908287.790114,5092,5,1
3,OrderStatus,1770908287.795115,1595,23,1
2,Payment,1770908287.800115,2242,16,1
2,Payment,1770908287.805133,1723,2,1
5,StockLevel,1770908287.810115,5156,14,1
2,Payment,1770908287.815115,2975,7,1
4,Delivery,1770908287.820155,3147,18,1
2,Payment,1770908287.825180,1944,22,1
1,NewOrder,1770908287.830179,6593,1,1
1,NewOrder,1770908287.835169,6242,21,1
2,Payment,1770908287.840172,2346,4,1
2,Payment,1770908287.845174,2208,0,1
2,Payment,1770908287.850176,2551,15,1
1,NewOrder,1770908287.855175,4821,10,1
2,Payment,1770908287.860175,2432,11,1
2,Payment,1770908287.865174,1670,6,1
1,NewOrder,1770908287.870103,4320,13,1
1,NewOrder,1770908287.875175,7432,12,1
1,NewOrder,1770908287.880185,3950,3,1
1,NewOrder,1770908287.885135,6479,17,1
2,Payment,1770908287.890127,2425,8,1
2,Payment,1770908287.895118,1809,19,1
2,Payment,1770908287.900120,2406,20,1
3,OrderStatus,1770908287.905134,1500,9,1
2,Payment,1770908287.910120,2380,5,1
2,Payment,1770908287.915120,1946,23,1
1,NewOrder,1770908287.920119,4335,16,1
1,NewOrder,1770908287.925140,6625,2,1
1,NewOrder,1770908287.930121,4436,14,1
1,NewOrder,1770908287.935117,4096,7,1
1,NewOrder,1770908287.940129,5278,18,1
3,OrderStatus,1770908287.945139,1610,22,1
1,NewOrder,1770908287.950074,3396,1,1
2,Payment,1770908287.955114,2124,21,1
2,Payment,1770908287.960119,2832,4,1
2,Payment,1770908287.965131,2270,0,1
1,NewOrder,1770908287.970077,5901,15,1
2,Payment,1770908287.975116,1641,10,1
2,Payment,1770908287.980125,1980,11,1
2,Payment,1770908287.985133,1720,6,1
1,NewOrder,1770908287.990060,3117,13,1
2,Payment,1770908287.995117,1794,12,1
2,Payment,1770908288.000060,2060,3,1
2,Payment,1770908288.005133,1791,17,1
2,Payment,1770908288.010117,2047,8,1
1,NewOrder,1770908288.015120,4751,19,1
2,Payment,1770908288.020119,1857,20,1
2,Payment,1770908288.025173,1914,9,1
1,NewOrder,1770908288.030151,3595,5,1
1,NewOrder,1770908288.035115,5039,23,1
1,NewOrder,1770908288.040171,3264,16,1
2,Payment,1770908288.045177,2065,2,1
2,Payment,1770908288.050123,1942,14,1
2,Payment,1770908288.055165,1834,7,1
2,Payment,1770908288.060175,2529,18,1
1,NewOrder,1770908288.065193,6165,22,1
1,NewOrder,1770908288.070193,3987,1,1
1,NewOrder,1770908288.075173,6206,21,1
4,Delivery,1770908288.080171,8245,4,1
2,Payment,1770908288.085135,2960,0,1
3,OrderStatus,1770908288.090179,1669,15,1
1,NewOrder,1770908288.095175,3935,10,1
5,StockLevel,1770908288.100169,4277,11,1
1,NewOrder,1770908288.105172,6577,6,1
1,NewOrder,1770908288.110104,6736,13,1
5,StockLevel,1770908288.115173,4547,12,1
1,NewOrder,1770908288.120168,4403,3,1
2,Payment,1770908288.125189,2595,17,1
2,Payment,1770908288.130173,2443,8,1
2,Payment,1770908288.135173,2553,19,1
2,Payment,1770908288.140173,2001,20,1
2,Payment,1770908288.145189,1797,9,1
2,Payment,1770908288.150167,2397,5,1
2,Payment,1770908288.155173,1996,23,1
1,NewOrder,1770908288.160167,3983,16,1
4,Delivery,1770908288.165174,8385,2,1
1,NewOrder,1770908288.170167,5063,14,1
2,Payment,1770908288.175180,1924,7,1
2,Payment,1770908288.180174,2431,18,1
1,NewOrder,1770908288.185190,3226,22,1
4,Delivery,1770908288.190173,7203,1,1
4,Delivery,1770908288.195171,13104,21,1
3,OrderStatus,1770908288.200172,2093,0,1
1,NewOrder,1770908288.205191,3622,4,1
2,Payment,1770908288.210174,4073,15,1
2,Payment,1770908288.215174,1792,10,1
2,Payment,1770908288.220168,2367,11,1
1,NewOrder,1770908288.225184,5607,6,1
1,NewOrder,1770908288.230171,5835,13,1
2,Payment,1770908288.235172,2103,12,1
1,NewOrder,1770908288.240166,5043,3,1
2,Payment,1770908288.245194,1511,17,1
5,StockLevel,1770908288.250171,2509,8,1
1,NewOrder,1770908288.255185,4562,19,1
1,NewOrder,1770908288.260173,4697,20,1
1,NewOrder,1770908288.265172,5345,9,1
4,Delivery,1770908288.270169,18637,5,1
2,Payment,1770908288.275156,1623,23,1
2,Payment,1770908288.280167,2525,16,1
1,NewOrder,1770908288.285134,5223,2,1
2,Payment,1770908288.290172,1725,14,1
2,Payment,1770908288.295166,2714,7,1
1,NewOrder,1770908288.300121,5620,18,1
1,NewOrder,1770908288.305062,3693,22,1
1,NewOrder,1770908288.310117,3309,1,1
1,NewOrder,1770908288.315119,3875,0,1
1,NewOrder,1770908288.320115,3362,21,1
1,NewOrder,1770908288.325171,5431,4,1
4,Delivery,1770908288.330173,12543,15,1
1,NewOrder,1770908288.335169,3602,10,1
2,Payment,1770908288.340181,1937,11,1
2,Payment,1770908288.345099,1558,6,1
2,Payment,1770908288.350174,2051,13,1
2,Payment,1770908288.355173,1822,12,1
2,Payment,1770908288.360174,1826,3,1
2,Payment,1770908288.365199,1918,17,1
1,NewOrder,1770908288.370174,3956,8,1
2,Payment,1770908288.375170,2112,19,1
2,Payment,1770908288.380180,1645,20,1
1,NewOrder,1770908288.385172,3334,9,1
1,NewOrder,1770908288.390170,4426,23,1
1,NewOrder,1770908288.395176,6319,16,1
2,Payment,1770908288.400172,2036,5,1
5,StockLevel,1770908288.405159,3010,2,1
1,NewOrder,1770908288.410182,6913,14,1
2,Payment,1770908288.415169,2185,7,1
2,Payment,1770908288.420173,1725,18,1
2,Payment,1770908288.425165,1702,22,1
2,Payment,1770908288.430147,2331,1,1
2,Payment,1770908288.435187,1723,0,1
5,StockLevel,1770908288.440174,4242,21,1
1,NewOrder,1770908288.445172,5323,4,1
2,Payment,1770908288.450125,1806,10,1
1,NewOrder,1770908288.455116,3078,11,1
2,Payment,1770908288.460119,2059,15,1
1,NewOrder,1770908288.465057,5031,6,1
2,Payment,1770908288.470101,1469,6,1
1,NewOrder,1770908288.475115,4269,12,1
2,Payment,1770908288.480059,1605,3,1
1,NewOrder,1770908288.485137,6112,17,1
2,Payment,1770908288.490116,2714,8,1
2,Payment,1770908288.495115,2543,19,1
2,Payment,1770908288.500119,1594,20,1
2,Payment,1770908288.505130,1589,9,1
2,Payment,1770908288.510076,1617,23,1
1,NewOrder,1770908288.515113,4509,16,1
3,OrderStatus,1770908288.520171,1834,5,1
1,NewOrder,1770908288.525173,4085,2,1
2,Payment,1770908288.530174,1679,14,1
2,Payment,1770908288.535173,1970,7,1
2,Payment,1770908288.540175,2077,18,1
1,NewOrder,1770908288.545174,5229,22,1
1,NewOrder,1770908288.550119,6464,1,1
1,NewOrder,1770908288.555171,4311,0,1
2,Payment,1770908288.560169,1916,21,1
1,NewOrder,1770908288.565172,5199,4,1
3,OrderStatus,1770908288.570172,1710,10,1
1,NewOrder,1770908288.575171,4852,11,1
1,NewOrder,1770908288.580169,6161,15,1
1,NewOrder,1770908288.585172,5168,13,1
3,OrderStatus,1770908288.590164,1926,6,1
2,Payment,1770908288.595173,1819,12,1
2,Payment,1770908288.600100,1774,3,1
2,Payment,1770908288.605147,2247,17,1
2,Payment,1770908288.610171,2205,8,1
1,NewOrder,1770908288.615180,3487,19,1
2,Payment,1770908288.620183,2552,20,1
1,NewOrder,1770908288.625174,4781,9,1
1,NewOrder,1770908288.630114,3074,23,1
1,NewOrder,1770908288.635169,5327,16,1
2,Payment,1770908288.640170,1907,5,1
1,NewOrder,1770908288.645155,5731,2,1
1,NewOrder,1770908288.650169,4554,14,1
2,Payment,1770908288.655167,1890,7,1
2,Payment,1770908288.660173,1938,18,1
1,NewOrder,1770908288.665173,5832,22,1
1,NewOrder,1770908288.670170,4890,1,1
1,NewOrder,1770908288.675082,3854,1,1
1,NewOrder,1770908288.680171,3915,21,1
2,Payment,1770908288.685171,2331,4,1
2,Payment,1770908288.690176,1902,10,1
1,NewOrder,1770908288.695173,3891,11,1
1,NewOrder,1770908288.700098,3252,15,1
2,Payment,1770908288.705177,1886,13,1
2,Payment,1770908288.710172,2092,6,1
2,Payment,1770908288.715171,2043,12,1
2,Payment,1770908288.720099,1783,3,1
1,NewOrder,1770908288.725185,4016,17,1
2,Payment,1770908288.730155,1861,8,1
1,NewOrder,1770908288.735191,5595,19,1
1,NewOrder,1770908288.740175,4806,20,1
1,NewOrder,1770908288.745172,5240,9,1
1,NewOrder,1770908288.750172,4431,23,1
2,Payment,1770908288.755168,1843,16,1
2,Payment,1770908288.760171,2088,5,1
2,Payment,1770908288.765173,2019,2,1
2,Payment,1770908288.770182,1725,14,1
2,Payment,1770908288.775171,1763,7,1
1,NewOrder,1770908288.780165,5482,18,1
2,Payment,1770908288.785154,2770,22,1
1,NewOrder,1770908288.790168,6271,0,1
1,NewOrder,1770908288.795172,4329,1,1
4,Delivery,1770908288.800196,8373,21,1
2,Payment,1770908288.805171,1948,4,1
2,Payment,1770908288.810174,1939,10,1
1,NewOrder,1770908288.815169,4753,11,1
5,StockLevel,1770908288.820099,2857,15,1
1,NewOrder,1770908288.825187,4966,13,1
2,Payment,1770908288.830182,1767,6,1
1,NewOrder,1770908288.835166,4629,12,1
1,NewOrder,1770908288.840099,5120,3,1
2,Payment,1770908288.845185,1673,17,1
1,NewOrder,1770908288.850173,4203,8,1
1,NewOrder,1770908288.855175,4939,19,1
1,NewOrder,1770908288.860129,6075,19,1
1,NewOrder,1770908288.865172,4746,9,1
2,Payment,1770908288.870179,1732,23,1
2,Payment,1770908288.875158,2630,16,1
5,StockLevel,1770908288.880171,2685,5,1
2,Payment,1770908288.885172,2943,2,1
2,Payment,1770908288.890185,1744,14,1
2,Payment,1770908288.895119,1729,7,1
1,NewOrder,1770908288.900120,5827,18,1
1,NewOrder,1770908288.905130,5441,22,1
1,NewOrder,1770908288.910113,4418,0,1
2,Payment,1770908288.915119,2084,1,1
2,Payment,1770908288.920172,1805,4,1
2,Payment,1770908288.925170,1889,21,1
2,Payment,1770908288.930177,3043,10,1
1,NewOrder,1770908288.935118,5244,11,1
1,NewOrder,1770908288.940059,4404,15,1
2,Payment,1770908288.945171,2905,13,1
2,Payment,1770908288.950170,1617,6,1
1,NewOrder,1770908288.955167,5248,12,1
1,NewOrder,1770908288.960103,4137,3,1
1,NewOrder,1770908288.965172,7362,17,1
1,NewOrder,1770908288.970179,5995,8,1
2,Payment,1770908288.975170,1842,20,1
1,NewOrder,1770908288.980187,3522,19,1
2,Payment,1770908288.985182,1569,9,1
1,NewOrder,1770908288.990169,4253,23,1
2,Payment,1770908288.995168,1887,16,1
1,NewOrder,1770908289.000174,5594,5,1
1,NewOrder,1770908289.005173,4041,2,1
2,Payment,1770908289.010205,1635,14,1
4,Delivery,1770908289.015173,6686,7,1
1,NewOrder,1770908289.020135,5449,18,1
5,StockLevel,1770908289.025183,2569,22,1
2,Payment,1770908289.030171,2121,0,1
1,NewOrder,1770908289.035166,5361,1,1
1,NewOrder,1770908289.040170,6272,4,1
2,Payment,1770908289.045171,2659,21,1
3,OrderStatus,1770908289.050175,2065,10,1
1,NewOrder,1770908289.055180,4689,11,1
1,NewOrder,1770908289.060099,4243,15,1
2,Payment,1770908289.065187,1721,13,1
2,Payment,1770908289.070173,1765,6,1
1,NewOrder,1770908289.075167,6196,12,1
1,NewOrder,1770908289.080169,3462,3,1
2,Payment,1770908289.085170,1727,17,1
2,Payment,1770908289.090170,2582,8,1
1,NewOrder,1770908289.095172,4056,20,1
1,NewOrder,1770908289.100164,3238,19,1
2,Payment,1770908289.105181,1576,9,1
5,StockLevel,1770908289.110172,3599,23,1
1,NewOrder,1770908289.115166,5214,16,1
3,OrderStatus,1770908289.120117,1439,5,1
1,NewOrder,1770908289.125171,5228,2,1
3,OrderStatus,1770908289.130170,2176,14,1
2,Payment,1770908289.135167,1821,7,1
1,NewOrder,1770908289.140173,5782,18,1
1,NewOrder,1770908289.145170,3610,22,1
2,Payment,1770908289.150170,1854,0,1
2,Payment,1770908289.155172,2279,1,1
1,NewOrder,1770908289.160166,5042,4,1
1,NewOrder,1770908289.165186,4426,21,1
1,NewOrder,1770908289.170172,6228,10,1
2,Payment,1770908289.175171,1982,11,1
3,OrderStatus,1770908289.180099,1663,15,1
2,Payment,1770908289.185180,1578,13,1
1,NewOrder,1770908289.190169,3934,6,1
1,NewOrder,1770908289.195117,4386,12,1
1,NewOrder,1770908289.200170,5164,3,1
2,Payment,1770908289.205171,1768,17,1
1,NewOrder,1770908289.210171,6298,8,1
1,NewOrder,1770908289.215176,5501,20,1
1,NewOrder,1770908289.220172,3703,19,1
2,Payment,1770908289.225182,1916,9,1
2,Payment,1770908289.230170,1748,23,1
1,NewOrder,1770908289.235169,5631,16,1
1,NewOrder,1770908289.240170,4468,5,1
5,StockLevel,1770908289.245173,3303,2,1
1,NewOrder,1770908289.250171,5991,14,1
2,Payment,1770908289.255156,1638,7,1
2,Payment,1770908289.260170,1725,18,1
1,NewOrder,1770908289.265182,4095,22,1
1,NewOrder,1770908289.270169,3954,0,1
2,Payment,1770908289.275170,2203,1,1
1,NewOrder,1770908289.280114,5427,4,1
1,NewOrder,1770908289.285132,3711,21,1
1,NewOrder,1770908289.290115,6516,10,1
1,NewOrder,1770908289.295116,5410,11,1
1,NewOrder,1770908289.300106,6378,15,1
1,NewOrder,1770908289.305174,6577,13,1
2,Payment,1770908289.310171,2405,6,1
1,NewOrder,1770908289.315168,4729,12,1
3,OrderStatus,1770908289.320176,1940,3,1
2,Payment,1770908289.325170,1664,17,1
3,OrderStatus,1770908289.330170,1568,8,1
2,Payment,1770908289.335172,1914,20,1
1,NewOrder,1770908289.340171,4650,19,1
1,NewOrder,1770908289.345188,3644,9,1
2,Payment,1770908289.350171,1823,23,1
1,NewOrder,1770908289.355166,3560,16,1
1,NewOrder,1770908289.360113,3570,5,1
1,NewOrder,1770908289.365130,4111,2,1
2,Payment,1770908289.370112,1529,14,1
3,OrderStatus,1770908289.375116,1791,7,1
1,NewOrder,1770908289.380117,5079,18,1
1,NewOrder,1770908289.385133,5076,22,1
1,NewOrder,1770908289.390117,4515,0,1
3,OrderStatus,1770908289.395117,1670,1,1
1,NewOrder,1770908289.400118,3614,4,1
1,NewOrder,1770908289.405132,4762,21,1
1,NewOrder,1770908289.410078,3780,10,1
2,Payment,1770908289.415123,1621,11,1
2,Payment,1770908289.420114,2686,15,1
1,NewOrder,1770908289.425131,5500,13,1
2,Payment,1770908289.430119,1590,6,1
1,NewOrder,1770908289.435167,4639,12,1
2,Payment,1770908289.440169,1657,3,1
4,Delivery,1770908289.445174,9754,17,1
2,Payment,1770908289.450117,2271,8,1
2,Payment,1770908289.455173,1652,20,1
1,NewOrder,1770908289.460165,3984,19,1
1,NewOrder,1770908289.465197,4944,9,1
1,NewOrder,1770908289.470117,3119,23,1
3,OrderStatus,1770908289.475113,1264,16,1
1,NewOrder,1770908289.480114,3670,5,1
1,NewOrder,1770908289.485032,5316,2,1
2,Payment,1770908289.490115,1564,14,1
2,Payment,1770908289.495115,1416,7,1
2,Payment,1770908289.500063,1581,18,1
1,NewOrder,1770908289.505130,4898,22,1
4,Delivery,1770908289.510043,9070,22,1
1,NewOrder,1770908289.515131,4620,1,1
2,Payment,1770908289.520060,2742,4,1
1,NewOrder,1770908289.525130,3622,21,1
2,Payment,1770908289.530091,1622,10,1
2,Payment,1770908289.535117,1882,11,1
4,Delivery,1770908289.540116,8728,15,1
1,NewOrder,1770908289.545133,5636,13,1
1,NewOrder,1770908289.550116,3882,6,1
2,Payment,1770908289.555114,1706,12,1
1,NewOrder,1770908289.560062,5522,3,1
1,NewOrder,1770908289.565135,4034,8,1
3,OrderStatus,1770908289.570080,1803,17,1
2,Payment,1770908289.575116,2094,20,1
2,Payment,1770908289.580118,1606,19,1
1,NewOrder,1770908289.585173,4034,9,1
2,Payment,1770908289.590184,1408,23,1
5,StockLevel,1770908289.595170,4396,16,1
2,Payment,1770908289.600171,1752,5,1
1,NewOrder,1770908289.605141,4061,2,1
3,OrderStatus,1770908289.610169,1827,14,1
1,NewOrder,1770908289.615166,5574,7,1
2,Payment,1770908289.620093,2348,18,1
2,Payment,1770908289.625171,2093,0,1
2,Payment,1770908289.630174,1764,22,1
1,NewOrder,1770908289.635172,4846,1,1
4,Delivery,1770908289.640169,8402,4,1
2,Payment,1770908289.645181,1603,21,1
2,Payment,1770908289.650176,1747,10,1
1,NewOrder,1770908289.655175,5010,11,1
1,NewOrder,1770908289.660172,3578,15,1
2,Payment,1770908289.665190,1853,13,1
1,NewOrder,1770908289.670174,4064,6,1
1,NewOrder,1770908289.675166,3348,12,1
5,StockLevel,1770908289.680099,2694,3,1
2,Payment,1770908289.685176,1741,8,1
2,Payment,1770908289.690172,1644,17,1
2,Payment,1770908289.695171,1688,20,1
1,NewOrder,1770908289.700174,4486,19,1
2,Payment,1770908289.705173,1559,9,1
1,NewOrder,1770908289.710183,6369,23,1
1,NewOrder,1770908289.715179,5717,16,1
1,NewOrder,1770908289.720177,6109,5,1
1,NewOrder,1770908289.725181,3667,2,1
2,Payment,1770908289.730174,1459,14,1
4,Delivery,1770908289.735172,5435,7,1
4,Delivery,1770908289.740142,2650,18,1
1,NewOrder,1770908289.745170,5719,0,1
1,NewOrder,1770908289.750172,4509,22,1
4,Delivery,1770908289.755173,6695,1,1
1,NewOrder,1770908289.760166,3733,21,1
1,NewOrder,1770908289.765189,4165,4,1
1,NewOrder,1770908289.770172,3897,10,1
1,NewOrder,1770908289.775116,5387,11,1
1,NewOrder,1770908289.780117,5695,15,1
1,NewOrder,1770908289.785131,3648,13,1
1,NewOrder,1770908289.790167,6475,6,1
2,Payment,1770908289.795166,1759,12,1
4,Delivery,1770908289.800099,8663,3,1
1,NewOrder,1770908289.805172,4676,8,1
2,Payment,1770908289.810171,1641,17,1
2,Payment,1770908289.815180,1882,20,1
1,NewOrder,1770908289.820172,5365,19,1
2,Payment,1770908289.825188,1428,9,1
2,Payment,1770908289.830150,1795,23,1
2,Payment,1770908289.835166,1628,16,1
2,Payment,1770908289.840173,2312,5,1
1,NewOrder,1770908289.845131,2895,2,1
2,Payment,1770908289.850114,1462,14,1
4,Delivery,1770908289.855118,3749,7,1
2,Payment,1770908289.860116,1727,18,1
1,NewOrder,1770908289.865133,3641,0,1
1,NewOrder,1770908289.870118,4032,22,1
2,Payment,1770908289.875118,1682,1,1
2,Payment,1770908289.880114,1699,21,1
1,NewOrder,1770908289.885132,3183,4,1
5,StockLevel,1770908289.890081,2641,10,1
5,StockLevel,1770908289.895133,2605,11,1
1,NewOrder,1770908289.900114,3650,15,1
2,Payment,1770908289.905135,1550,13,1
3,OrderStatus,1770908289.910119,1611,6,1
2,Payment,1770908289.915112,1590,12,1
2,Payment,1770908289.920061,2319,3,1
2,Payment,1770908289.925133,1519,8,1
1,NewOrder,1770908289.930120,5214,17,1
1,NewOrder,1770908289.935121,3384,20,1
2,Payment,1770908289.940125,1966,19,1
4,Delivery,1770908289.945135,7105,9,1
1,NewOrder,1770908289.950173,4132,23,1
2,Payment,1770908289.955104,1476,16,1
2,Payment,1770908289.960172,1858,5,1
2,Payment,1770908289.965184,1687,2,1
1,NewOrder,1770908289.970169,5541,14,1
1,NewOrder,1770908289.975169,5266,7,1
1,NewOrder,1770908289.980169,3868,18,1
2,Payment,1770908289.985181,2527,0,1
1,NewOrder,1770908289.990172,3578,22,1
3,OrderStatus,1770908289.995174,2066,1,1
2,Payment,1770908290.000115,1831,21,1
5,StockLevel,1770908290.005185,2524,4,1
2,Payment,1770908290.010171,1874,10,1
2,Payment,1770908290.015174,2763,11,1
3,OrderStatus,1770908290.020171,1421,15,1
2,Payment,1770908290.025187,2209,13,1
5,StockLevel,1770908290.030171,2657,6,1
2,Payment,1770908290.035167,1562,12,1
